loss_rank,state,sales,profit,margin_pct,low_band_profit,low_band_margin_pct,high_band_profit,high_band_line_pct
1,Texas,170188.0,-25729.0,-15.12,8226.0,10.47,-33955.0,42.1
2,Ohio,78258.0,-16971.0,-21.69,3256.0,11.31,-20227.0,38.2
3,Pennsylvania,116512.0,-15560.0,-13.35,580.0,1.34,-16140.0,39.7
4,Illinois,80166.0,-12608.0,-15.73,5829.0,13.68,-18437.0,46.3
5,North Carolina,55603.0,-7491.0,-13.47,3586.0,11.67,-11077.0,19.3
6,Colorado,32108.0,-6528.0,-20.33,1620.0,6.42,-8148.0,24.2
7,Tennessee,30662.0,-5342.0,-17.42,1232.0,6.64,-6574.0,21.3
8,Arizona,35282.0,-3428.0,-9.72,2301.0,8.33,-5729.0,22.3
9,Florida,89474.0,-3399.0,-3.8,3831.0,6.87,-7230.0,21.9
10,Oregon,17431.0,-1190.0,-6.83,948.0,6.36,-2138.0,19.4
